number,position,value

1,1,たまごかけごはん
2,3,すしめし
3,5,ゆでたまご
4,7,さんましおやき
5,10,ぴらふ
6,12,せろり
7,14,いかさしみ
8,16,ふれんちとーすと
9,18,あまらんさす
10,20,なまのかぼちゃ
11,22,ゆでとうもろこし
12,28,はちみつ
13,30,いたこんにゃく
14,32,はつがげんまいごはん
15,40,とうふよう
16,42,とうみょうあぶらいため
17,44,とうみょうなま
18,46,とうみょうゆで
19,48,とうにゅうこーひー
20,50,ゆば
21,52,ちょうせいとうにゅう
22,54,せきはん
23,58,むしむらさきいも
24,60,むしじゃがいも
25,62,むしさつまいも
26,64,むしさつまいも
27,66,やきとうふ
28,68,まつのみ
29,72,しそは
30,74,せりなま
31,76,せりゆで
32,78,いとひきなっとう
33,80,くろざとう
34,82,ごまどうふ
35,84,くるみ
36,88,かんぱん
37,90,くずきり
38,92,おきなわそば
39,94,らーめん
40,96,もちごめごはん
41,98,めいぷるしろっぷ
42,100,まっしゅぽてと
43,102,まかろに
44,104,まかだみあなっつ
45,106,ぽっぷこーん
46,108,べにばないんげん
47,110,へーざるなっつ
48,112,ふらんすぱん　ばげっと
49,114,ぶらじるなっつ
50,122,ぶどうぱん
51,127,ひややっこ　もめん
52,129,ひややっこ　きぬ
53,131,ひややっこ　おきなわとうふ
54,133,ひややっこ　そふととうふ
55,136,ひきわりなっとう
56,138,ぴーかんなっつ
57,140,ばたーぴーなっつ
58,142,ぱすた
59,144,なん
60,148,じねんじょとろろ
61,150,やまといもとろろ
62,152,てんぺ
63,154,すなっぷえんどうなま
64,156,すなっぷえんどうゆで
65,157,すうどん
66,159,じゃいあんとこーん
67,161,さやいんげんなま
68,162,さやいんげん(ゆで)
69,163,さやいんげんゆで
70,165,さつまいもてんぷら
71,167,こーんふれーく
72,169,くろわっさん
73,173,ぐりーんぴーすゆで
74,175,かしゅーなっつ
75,177,おそば
76,178,おもゆ
77,180,おくらなま
78,181,おかゆ
79,182,おかひじき(ゆで)　
80,183,おかひじきゆで
81,185,おおさかしろなしおづけ
82,189,おおさかしろな
83,191,いんすたんとやきそば
84,193,いんすたんとらーめん
85,195,いんげんまめ　ゆで
86,197,いんぐりっしゅまふぃん
87,198,あわもち
88,206,あーもんど　ふらいあじつけ
89,208,あーもんど　いり　むえん
90,210,あーてぃちょーく
91,212,おみず
92,216,ひまわり
93,218,ちょこばなな
94,220,しゅがーとーすと
95,222,おみず
96,224,さとうきびじゅーす
97,226,みず
98,227,ごはん
99,229,おおきならっかせい
100,231,ちいさならっかせい
101,233,あげまめ
102,235,あぶらあげ
103,239,こめこぱん
104,241,ごとなっとう
105,243,げんまいごはん
106,247,ろーるぱん
107,249,らいむぎぱん
108,251,ぴすたちお
109,253,たいまい
110,255,こっぺぱん
111,257,かぼちゃのたね
112,259,おーとみーる
113,261,あさつき
114,262,あくまき
115,264,ななぶつきこめ
116,266,ごぶがゆ
117,270,はすのみ
118,272,えだまめ
119,274,かぶはなま
120,276,かぶはゆで
121,278,かぶねなま　かわむき
122,280,かぶねゆで　かわむき
123,282,かぶのしおづけ
124,284,かぶのぬかみそづけ
125,286,にほんかぼちゃゆで
126,288,せいようかぼちゃなま
127,290,せいようかぼちゃゆで
128,292,せいようかぼちゃやき
129,294,そうめんかぼちゃなま
130,296,かりふらわーゆで
131,298,きゃべつなま
132,300,きゃべつゆで
133,302,きゃべつあぶらいため
134,304,れっどきゃべつなま
135,306,きゅうりなま
136,308,きゅうりしおづけ
137,310,きゅうりしょうゆづけ
138,312,きゅうりぬかみそづけ
139,314,ぴくるす
140,316,ぴくるすさわー
141,318,くれそん
142,320,しょうがすづけ
143,322,しょうがあまずづけ
144,324,しろうりしおづけ
145,326,しろうりならづけ
146,328,ほしぜんまい
147,330,かいわれだいこん
148,332,だいこんおろし
149,334,だいこんゆで
150,336,きりぼしだいこんゆで
151,338,きりぼしだいこんあぶらいため
152,340,だいこんぬかみそづけ
153,342,だいこんしおおしたくわんづけ
154,344,たくわん
155,346,もりぐちづけ
156,348,べったらづけ
157,350,だいこんみそづけ
158,352,たいさいしおづけ
159,354,たかなづけ
160,356,たけのこなま
161,358,たけのこかんづめ
162,360,めんま
163,362,たまねぎなま
164,364,たまねぎみずさらし
165,366,たまねぎゆで
166,368,たまねぎあぶらいため
167,370,あかたまねぎなま
168,372,ちんげんさいゆで
169,374,ちんげんさいあぶらいため
170,376,つくしゆで
171,378,つるむらさきゆで
172,380,すいーとこーんゆで
173,382,すいーとこーんでんしれんじ
174,384,すいーとこーんくりーむかんづめ
175,386,すいーとこーんかんづめ
176,388,やんぐこーん
177,390,とまと
178,392,とまとじゅーすしょくえんてんか
179,394,とまとじゅーすしょくえんむてんか
180,396,やさいみっくすじゅーすしょくえんてんか
181,398,やさいみっくすじゅーすしょくえんむてんか
182,400,ながさきはくさいなま
183,402,ながさきはくせいゆで
184,404,なしあぶらいため
185,406,なすてんぷら
186,408,べいなすすあげ
187,410,なすしおづけ
188,412,なすぬかみそづけ
189,414,なばな
190,416,にがうり　あぶらいため
191,418,にんじんなま
192,420,にんじんゆで
193,422,にんじんあぶらいため
194,424,にんじんすあげ
195,426,にんじんぐらっせ
196,428,にんじんじゅーす
197,430,みにきゃろっと
198,432,のざわなちょうみづけ
199,434,はくさいなま
200,436,ばじる
201,438,ぱせり
202,440,はやとうりしおづけ
203,442,びーつ
204,444,びーつゆで
205,446,ぴーまんあぶらいため
206,448,ひろしまなしおづけ
207,449,ふきのとう(ゆで)
208,450,ふきのとう
209,452,ぶりっこりーゆで
210,453,へちま(ゆで)　
211,454,へちまゆで
212,455,ほうれんそう(ゆで)
213,456,ほうれんそうゆで
214,458,ほうれんそうあぶらいため
215,460,ほーすらでぃっしゅ
216,461,みずな(ゆで)
217,462,みずなゆで
218,464,みずなしおづけ
219,466,きりみつばゆで
220,468,みょうがなま
221,470,めきゃべつゆで
222,472,もやしなま
223,474,もやしゆで
224,476,りょくとうもやしなま
225,478,りょうくとうもやしゆで
226,480,もろへいや
227,482,やまごぼうみそづけ
228,484,ゆりねゆで
229,486,よもぎゆで
230,488,らっかせいゆで
231,490,らっきょうあまず
232,492,えしゃれっと
233,494,るっこら
234,496,れたす
235,498,りーふれたす
236,500,さにーれたす
237,502,わさびづけ
238,504,あけび
239,506,あせろら
240,510,あてもや
241,512,あぼかど
242,514,あんずなま
243,516,あんずどらい
244,518,あんずじゃむ
245,520,あんずじゃむていとう
246,522,いちご
247,524,いちごじゃむ
248,526,いちごじゃむていとう
249,528,いちごどらい
250,530,いちじく
251,532,うめしおづけ
252,534,うめぼししお
253,538,ぐりーんおりーぶ
254,540,ぶらっくおりーぶ
255,542,すたっふどおりーぶ
256,544,あまがき
257,546,ほしがき
258,548,おんしゅうみかん
259,550,みかんじゅーすすとれーと
260,552,みかんじゅーすのうしゅく
261,554,みかんかじついりじゅーす
262,560,みかんかんづめ
263,562,ねーぶる
264,564,ばれんしあおれんじ
265,566,おれんじすとれーとじゅーす
266,568,おれんじのうしゅくかんげんじゅーす
267,574,おれんじまーまれーど
268,576,おれんじまーまれーどていとう
269,578,おろぶらんこ
270,580,かわちばんかん
271,582,きよみおれんじ
272,584,きんかん
273,586,ぐれーぷふるーつほわいと
274,588,ぐれーぷふるーつぴんく
275,590,ぐれーぷぶるーつじゅーすすとれーと
276,592,ぐれーぷふるーつじゅーすのうしゅくかんげん
277,598,ぐれーぷふるーつかんづめ
278,599,さんぼうかん
279,601,しーくわーさーかじゅう
280,605,だいだいかじゅう
281,607,なつみかん
282,609,なつみかんかんづめ
283,611,はるみおれんじ
284,613,ひゅうがなつ
285,615,ざぼんづけ
286,617,れもん
287,619,きういふるーつぐりーん
288,621,きういふるーつごーるど
289,623,きわの
290,625,ぐあばあか
291,627,ぐあばしろ
292,633,ぐーずべりー
293,635,ぐみ
294,637,ここなっつうおーたー
295,639,ここなっつみるく
296,641,さくらんぼ
297,643,ちぇりー
298,645,さくらんぼかんづめ
299,647,ざくろ
300,649,すいかあか
301,651,すもも
302,653,ぷるーん
303,655,ぷるーんどらいふるーつ
304,657,ちぇりもや
305,659,どりあん
306,661,にほんなし
307,663,にほんなしかんづめ
308,665,せいようなし
309,667,せいようなしかんづめ
310,669,なつめ
311,671,なつめやし
312,673,ぱいんじゅーす
313,675,ぱいんじゅーすのうしゅくかんげん
314,681,ぱいなっぷるかんづめ
315,683,ぱいなっぷるしろっぷづけ
316,685,はすかっぷ
317,687,ぱっしょんふるーつじゅーす
318,689,ばなな
319,691,ぱぱいあ
320,693,びわ
321,695,びわかんづめ
322,697,ぶどう
323,699,ほしぶどう
324,701,ぶどうじゅーすすとれーと
325,703,ぶどうじゅーすのうしゅくかんげん
326,709,ぶどうかんづめ
327,711,ぶどうじゃむ
328,713,ぶるーべりー
329,715,ぶるーべりーじゃむ
330,717,ぶるーべりーどらいふるーつ
331,719,ほわいとさぽて
332,720,まくわうり
333,722,まるめろ
334,724,まんごー
335,726,まんごすちん
336,728,ろじめろんみどり
337,730,ろじめろんあか
338,732,もも
339,736,ももかんづめ
340,738,ももかんづめきいろ
341,740,ねくたりん
342,742,やまもも
343,744,らいちー
344,746,らずべりー
345,748,りゅうがん
346,750,りんごじゅーすすとれーと
347,752,りんごじゅーすのうしゅくかんげん
348,758,りんごかんづめ
349,760,りんごじゃむ
350,762,えのきだけあぶらいため
351,764,えのきだけびんづめ
352,766,きくらげあぶらいため
353,768,きくらげゆで
354,770,しいたけゆで
355,772,しいたけあぶらいたみ
356,774,はたけしめじゆで
357,776,ぶなしめじゆで
358,778,ぶなしめじあぶらいため
359,780,ほんしめじゆで
360,782,なめこゆで
361,784,えりんぐゆで
362,786,りりんぐやき
363,788,えりんぎあぶらいため
364,790,ひらたけゆで
365,792,まいたけあぶらいため
366,794,まっしゅるーむなま
367,796,まっしゅるーむゆで
368,798,まっしゅるーむあぶらいため
369,800,まっしゅるーむみずに
370,802,やきのり
371,804,うみぶどう
372,806,しおこんぶ
373,808,こんぶつくだに
374,810,ところてん
375,812,ひじきゆで
376,814,ひじきあぶらいため
377,816,おきなわもずく
378,818,あこうだんさしみ
379,820,まあじさしみ
380,822,まあじみずに
381,824,まあじやき
382,826,まあじふらい
383,828,まあじひらき
384,830,まあじからあげ
385,832,まだいさしみ
386,834,あゆやき
387,836,いかなごにぼし
388,838,いかなごつくだに
389,840,いかなごあめに
390,842,いとよりだいさしみ
391,844,うるめいわしさしみ
392,846,いわしまるぼし
393,848,かたくちいわしにぼし
394,850,たづくり
395,852,まいわしさしみ
396,854,まいわしみずに
397,856,まいわしやき
398,858,まいわしふらい
399,860,めざしやき
400,862,なましらす
401,864,しらすぼし
402,866,かたくちいわしみりんぼし
403,868,いわしかんづめみずに
404,870,いわしかんづめあじつけ
405,872,いわしかんづめとまと
406,874,いわしかんづめあぶら
407,876,いわしかんづめかばやき
408,878,あんんちょび
409,880,うなぎしろやき
410,882,うなぎかばやき
411,884,かじかつくだに
412,886,くろかじきさしみ
413,888,まかじきさしみ
414,890,めかじきさしみ
415,892,めかじきやき
416,894,はるかつおさしみ
417,896,かつおさしみ
418,898,そうだかつおさしみ
419,900,かつおぶし
420,902,けずりぶしつくだに
421,904,かつおかくに
422,906,かつおしおから
423,908,まがれいさしみ
424,910,まがれいみずに
425,912,まがれいやき
426,914,こもちがれいみずに
427,916,きゃびあ
428,918,ぎんだらみずに
429,920,ぐちやき
430,922,このしろあまず
431,924,からふとますやき
432,926,からふとますみずに
433,928,ぎんざけやき
434,930,さくらますやき
435,932,しろさけさしみ
436,934,しろさけみずに
437,936,しろさけやき
438,938,いくら
439,939,すじこ　　
440,940,すじこ
441,942,しろさけみずにかんづめ
442,944,あとらんてぃっくさーもんさしみ
443,948,にじますさしみ
444,950,にじますやき
445,952,べにじゃけやき
446,954,べにはけくんせい
447,956,まさばみずに
448,958,まさばやき
449,960,まさばふらい
450,962,ごまさばさしみ
451,964,ごまさばみずに
452,966,ごまさまやき
453,968,さばひらきぼし
454,969,しめさば　　
455,970,しめさば
456,972,さばかんづめみずに
457,974,さばかんづめみそに
458,976,さばかんづめあじつけ
459,978,さんまさしみ
460,980,さんまやき
461,982,さんまひらき
462,984,さんまみりんぼし
463,986,さんまかんづめあじつけ
464,988,さんまかんづめかばやき
465,990,ししゃもやき
466,992,からふとししゃもやき
467,994,しまあじさしみ
468,995,しらうお
469,997,すずきさしみ
470,999,まだいさしみてんねん
471,1001,まだいさしみようしょく
472,1003,まだいみずに
473,1005,まだいやき
474,1007,すけとうだらふらい
475,1009,たらこ
476,1011,やきたらこ
477,1013,からしめんたいこ
478,1015,まだらやき
479,1017,しらこ
480,1019,どじょうみずに
481,1021,にしんひらき
482,1023,にしんくんせい
483,1025,とらふぐさしみ
484,1027,ふなみずに
485,1029,ぶりさしみ
486,1031,ぶりやき
487,1033,はまちさしみ
488,1035,ほっけやき
489,1037,くろまぐろあかみさしみ
490,1039,くろまぐろとろさしみ
491,1041,びんちょうさしみ
492,1043,みなみまぐろあかみさしみ
493,1045,みなみまぐろとろさしみ
494,1047,つなかんらいと
495,1049,つなかんほわいと
496,1051,つなかんふれーく
497,1053,つなかんあぶららいと
498,1055,つなかんあぶらほわいと
499,1057,むつみずに
500,1059,ほしやつめ
501,1061,わかさぎつくだに
502,1063,わかさぎあめに
503,1065,あさりつくだに
504,1067,あさりかんづめみずに
505,1069,あさりかんづめあじつけ
506,1071,あわびみずに
507,1073,えすかるご
508,1075,なまがき
509,1077,かきくんせい
510,1079,さざえさしみ
511,1081,つぶがいさしみ
512,1083,はまぐりみずに
513,1085,やきはまぐり
514,1087,はまぐりつくだに
515,1089,ほたてがいみずに
516,1091,ほたてかいばしらやき
517,1093,ほたてかいばしらにぼし
518,1095,ほたてかいばしらみずに
519,1097,あまえびさしみ
520,1099,いせえびさしみ
521,1101,くるまえびゆで
522,1103,くるまえびやき
523,1105,さくらえびゆで
524,1107,さくらえびにぼし
525,1109,えびのてんぷら
526,1110,ずわいがに
527,1112,ずわいがにかんづめ
528,1113,たらばがに
529,1115,たらばがにかんづめ
530,1117,するめいかみずに
531,1119,するめいかやき
532,1121,するめいかさしみ
533,1123,するめいかてんぷら
534,1124,ほたるいか
535,1126,ほたるいかくんせい
536,1128,ほたるいかつくだに
537,1129,するめ　　
538,1130,するめ
539,1131,さきいか　　
540,1132,さきいか
541,1134,いかくんせい
542,1136,きりいかあめに
543,1137,いかあられ　　
544,1138,いかあられ
545,1140,いかしおから
546,1142,あにつくだに
547,1144,なまうに
548,1146,つぶうに
549,1148,しゃこ
550,1150,かにふうみかまぼこ
551,1152,こんぶまきかまばこ
552,1154,すまきかまぼこ
553,1156,むしかまぼこ
554,1158,やきぬきかまぼこ
555,1159,つみれ　　　　
556,1160,つみれ
557,1162,さつまあげ
558,1164,ぎょにくはむ
559,1166,ぎょにくそーせーじ
560,1168,ろーすとびーふ
561,1170,こーんびーふ
562,1172,びーふじゃーきー
563,1174,すもーくたん
564,1176,ばさし
565,1178,とんかつ
566,1180,ほねつきはむ
567,1182,ぼんれすはむ
568,1184,ろーすはむ
569,1186,しょるだーはむ
570,1188,ぷれすはむ
571,1190,ちょっぷどはむ
572,1192,ういんなー
573,1194,せみどらいそーせーじ
574,1196,どらいそーせーじ
575,1198,ふらんくふるとそーせーじ
576,1200,ぼろにあそーせーじ
577,1202,りおなそーせーじ
578,1204,ればーそーせーじ
579,1206,こんごうそーせーじ
580,1208,ればーぺーすと
581,1210,すもーくればー
582,1212,やきとりかんづめ
583,1214,ちきんなげっと
584,1216,とりつくね
585,1218,いながつくだに
586,1220,ぴーたん
587,1222,うずらたまごかんづめ
588,1224,なまたまご
589,1226,ゆでたまご
590,1228,たまごどうふ
591,1230,だしまきたまご
592,1232,せいにゅう　じゃーじーしゅ
593,1234,せいにゅう　ほるすたいんしゅ
594,1236,ふつうぎゅうにゅう
595,1238,かこうにゅう　のうこう
596,1240,かこうにゅうていしぼう
597,1242,だっしにゅう
598,1244,こーひーぎゅうにゅう
599,1246,ふるーつぎゅうにゅう
600,1248,よーぐるとぜんしむとう
601,1250,よーぐるとていしぼうむとう
602,1252,よーぐるとむしぼうむとう
603,1254,よーぐるとだっしかとう
604,1256,よーぐるとどりんく
605,1258,にゅうさんきんいんりょう
606,1260,やくると
607,1262,えだむちーず
608,1264,えめんたーるちーず
609,1266,かてーじちーず
610,1268,かまんべーるちーず
611,1270,くりーむちーず
612,1272,ごーだちーず
613,1274,ちぇだーちーず
614,1276,ぱるめざんちーず
615,1278,ぶるーちーず
616,1280,まするぽーねちーず
617,1282,もっつぁれらちーず
618,1284,やぎのちーず
619,1286,りこったちーず
620,1288,ぷろせすちーず
621,1290,ちーずすぷれっど
622,1292,あいすくりーむこうしぼう
623,1294,あいすくりーむふつうしぼう
624,1296,あいすみるく
625,1298,らくとあいすふつうしぼう
626,1300,らくとあいすていしぼう
627,1302,そふとくりーむ
628,1304,しゃーべっと
629,1306,ぼにゅう
630,1308,やぎのちち
631,1310,あまなっとう
632,1312,うぐいすもち
633,1314,かすてら
634,1316,きびだんご
635,1317,きりざんしょ
636,1319,きんぎょくとう
637,1321,くしだんごあん
638,1323,みたらしだんご
639,1325,くずこのくずもち
640,1327,こむぎでんぷんのくずもち
641,1329,かんとうふうさくらもち
642,1331,かんさいふうさくらもち
643,1333,だいふくもち
644,1335,わがしのたると
645,1337,ちまき
646,1339,あんいりなまやつはし
647,1341,かすてらまんじゅう
648,1343,くずまんじゅう
649,1345,くりまんじゅう
650,1347,むしまんじゅう
651,1349,あんまん
652,1351,にくまん
653,1353,ねりようかん
654,1355,みずようかん
655,1357,むしようかん
656,1359,あめだま
657,1361,おこし
658,1363,かりんとうくろ
659,1365,かりんとうしろ
660,1367,ごかぼう
661,1369,いそべせんべい
662,1371,かわらせんべい
663,1373,まきせんべい
664,1375,なんぶせんべいごま
665,1377,なんぶせんべいらっかせい
666,1379,しおがま
667,1381,あげせんべい
668,1383,あまからせんべい
669,1385,あられ
670,1387,しょうゆせんべい
671,1391,そばぼーろ
672,1393,まつかぜ
673,1395,みしままめ
674,1397,やつはし
675,1399,らくがん
676,1401,あげぱん
677,1403,あんぱんうすがわ
678,1405,くりーむぱんうすかわ
679,1407,ちょこぱん　うすかわ
680,1409,しゅーくりーむ
681,1411,すぽんじけーき
682,1413,しょーとけーきくだものなし
683,1415,ようがしのたると
684,1417,べいくどちーずけーき
685,1419,れあちーずけーき
686,1421,でにっしゅぺすとりー
687,1423,どーなっつ
688,1425,けーきどーなっつ
689,1427,あっぷるぱい
690,1429,みーとぱい
691,1431,ばたーけーき
692,1433,ほっとけーき
693,1435,わっふるかすたーどくりーむ
694,1439,かすたーどぷりん
695,1441,おれんじぜりー
696,1443,こーひーぜりー
697,1445,むるくぜりー
698,1447,わいんぜりー
699,1451,くらっかー
700,1453,そーだくらっかー
701,1455,さぶれ
702,1457,ちゅうかふうくっきー
703,1459,はーどびすけっと
704,1461,そふとびすけっと
705,1463,ぷれっつぇる
706,1465,ろしあけーき
707,1467,こーんすなっく
708,1469,ぽてとちっぷす
709,1471,あめだま
710,1473,ぜりーきゃんでぃー
711,1475,ぜりーびーんず
712,1477,どろっぷ
713,1479,ばたーすこっち
714,1481,あーもんどちょこれーと
715,1483,ほわいとちょこれーと
716,1485,みるくちょこれーと
717,1487,まろんぐらっせ
718,1489,いたがむ
719,1491,おしるここしあん
720,1493,おしるこつぶあん
721,1495,せいしゅ　ふつう
722,1497,せいしゅ　じゅんまいしゅ
723,1499,せいしゅ　ほんじょうしゅ
724,1501,せいしゅ　ぎんじょうしゅ
725,1503,せいしゅ　じゅんべいぎんじょうしゅ
726,1505,びーる
727,1507,かんびーる
728,1509,ちゅうびんびーる
729,1511,くろびーる
730,1513,すたうとびーる
731,1515,はっぽうしゅ
732,1517,わいんしろ
733,1519,あかわいんひとびん
734,1521,しろわいんひとびん
735,1523,ろぜわいんひとびん
736,1525,あかわいん
737,1527,ろぜわいん
738,1529,しょうこうしゅ
739,1531,ちょうちゅう
740,1533,ういすきー
741,1535,ぶらんでー
742,1537,うおっか
743,1539,まおたいしゅ
744,1541,うめしゅ
745,1543,ごうせいせいしゅ
746,1545,やくようしゅ
747,1547,すいーとわいん
748,1549,せんちゃ
749,1551,かまいりちゃ
750,1553,ほうじちゃ
751,1555,げんまいちゃ
752,1557,うーろんちゃ
753,1559,こうちゃ
754,1561,こーひー
755,1563,かんこーひー
756,1565,ここあ
757,1567,みるくここあ
758,1569,あまざけ
759,1571,こんぶちゃ
760,1573,すぽーつどりんく
761,1575,たんさんじゅーす
762,1577,のんあるこーるびーる
763,1579,むぎちゃ
764,1581,ぎょうざ
765,1583,こーんくりーむすーぷ
766,1585,くりーむころっけ
767,1587,ぽてところっけ
768,1589,いかふらい
769,1591,えびふらい
770,1593,しろみざかなのふらい
771,1595,びーふしちゅー
772,1597,なんすいみねらるうおーたー
773,1599,こうすいみねらるうおーたー
774,1601,たんさんすい
775,1603,のにじゅーす
776,1605,とうふみそしる
777,1607,さんましおやき
778,1609,こーひー
779,1611,みねらるうおーたー
780,1613,ごはんちゅう
781,1615,やさいさらだ
782,1617,みず
783,1618,もろきゅう
784,1620,びーる
785,1622,こうちゃ
786,1624,おにぎりおかか
787,1626,おにぎり　つな
788,1628,おにぎり　うめ
789,1630,ちきんかれーるーのみ
790,1632,おちゃ
791,1634,なめこじる
792,1636,おやこどん
793,1640,なっとう
794,1642,やきししゃも
795,1644,げんまいごはん
796,1646,ぶどう
797,1648,とーすとばたー
798,1650,とーすと
799,1652,りんご
800,1654,りんご
801,1656,ぷるーん
802,1658,かんそうぷるーん
803,1660,たくわんづけ
804,1662,だいふく
805,1664,たんさんすい
806,1666,かしわもち
807,1668,くさもち
808,1670,さくらもちかんとうふう
809,1672,ゆでたほうれんそう
810,1674,とんじる
811,1676,ぴざ
812,1678,かまんべーるちーず
813,1680,すうどん
814,1682,さばのしおやき
815,1684,のにじゅーす
816,1686,さけしおやき
817,1688,みそしる
818,1690,とりてん
819,1692,ばなな
820,1695,とーすとじゃむ
821,1697,しょくぱんろくまいぎりいちまい
822,1699,しょくぱんはちまいぎりいちまい
823,1701,ごぼてんうどん
824,1703,にぎりずし
825,1705,やきとり
826,1707,そーせーじ
827,1709,むしどり
828,1711,あいすこーひー
829,1713,うるめいわししおやき
830,1715,とまとともっつあれらちーずのかぷれーぜ
831,1717,まぐろさしみ
832,1719,やきうどん
833,1721,ろーすとびーふ
834,1723,うめぼし
835,1725,おむれつ
836,1727,きっしゅ
837,1729,すぱげてぃみーとそーす
838,1731,びーふしちゅー
839,1733,けんちんじる
840,1735,ぎゅうどん
841,1737,さんどいっち
842,1739,じぶに
843,1741,かいそうさらだ
844,1743,さーろいんすてーき
845,1745,むしやさい(あーてぃちょーく)
846,1747,むしやさい(あさつき)
847,1749,むしやさい(あしたば)
848,1751,むしやさい(あすぱらがす)
849,1753,むしやさい(いんげん)
850,1755,むしやさい(うど)
851,1757,むしやさい(やまうど)
852,1759,むしやさい(えだまめ)
853,1761,むしやさい(えんだいぶ)
854,1763,むしやさい(さやえんどう)
855,1765,むしやさい(すなっぷえんどう)
856,1767,むしやさい(ぐりーんぴーす)
857,1769,むしやさい(おおさかしろな)
858,1771,むしやさい(おかひじき)
859,1773,むしやさい(おくら)
860,1775,むしやさい(かぶ)
861,1777,むしやさい(かぼちゃ)
862,1779,むしやさい(かりふらわー)
863,1781,むしやさい(きゃべつ)
864,1783,むしやさい(きゅうり)
865,1785,むしやさい(ぎょうじゃにんにく)
866,1787,むしやさい(くれそん)
867,1789,むしやさい(くわい)
868,1791,むしやさい(けーる)
869,1793,むしやさい(こーるらび)
870,1795,むしやさい(ごぼう)
871,1797,むしやさい(こまつな)
872,1799,むしやさい(ししとう)
873,1801,むしやさい(しそ)
874,1803,むしやさい(しゅんぎく)
875,1805,むしやさい(しょうが)
876,1807,むしやさい(しろうり)
877,1809,むしやさい(ずっきーに)
878,1811,むしやさい(せり)
879,1813,むしやさい(せろり)
880,1815,むしやさい(ぜんまい)
881,1817,むしやさい(そらまめ)
882,1819,むしやさい(たあさい)
883,1821,むしやさい(かいわれだいこん)
884,1823,むしやさい(だいこん)
885,1825,むしやさい(たけのこ)
886,1827,むしやさい(ちんげんさい)
887,1829,むしやさい(つくし)
888,1831,むしやさい(とうがん)
889,1833,むしやさい(とうもろこし)
890,1835,むしやさい(やんぐこーん)
891,1837,むしやさい(とまと)
892,1839,むしやさい(みにとまと)
893,1841,むしやさい(とれびす)
894,1843,むしやさい(なす)
895,1845,むしやさい(なずな)
896,1847,むしやさい(ごーや)
897,1849,むしやさい(にがうり)
898,1851,むしやさい(にら)
899,1853,むしやさい(にんじん)
900,1855,むしやさい(みにきゃろっと)
901,1857,むしやさい(にんにく)
902,1859,むしやさい(にんにくのめ)
903,1861,むしやさい(ねぎ)
904,1863,むしやさい(はねぎ)
905,1865,むしやさい(こねぎ)
906,1867,むしやさい(のざわな)
907,1869,むしやさい(のびる)
908,1871,むしやさい(はくさい)
909,1873,むしやさい(ばじる)
910,1875,むしやさい(ぱせり)
911,1877,むしやさい(はつかだいこん)
912,1879,むしやさい(はやとうり)
913,1881,むしやさい(びーつ)
914,1883,むしやさい(ぴーまん)
915,1885,むしやさい(ひろしまな)
916,1887,むしやさい(ふき)
917,1889,むしやさい(ふきのとう)
918,1891,むしやさい(ぶろっこりー)
919,1893,むしやさい(へちま)
920,1895,むしやさい(ほうれんそう)
921,1897,むしやさい(みずな)
922,1899,むしやさい(みょうが)
923,1901,むしやさい(むかご)
924,1903,むしやさい(めきゃべつ)
925,1905,むしやさい(あるふぁるふぁ)
926,1907,むしやさい(だいずもやし)
927,1909,むしやさい(りょくとうもやし)
928,1911,むしやさい(もろへいや)
929,1913,むしやさい(ゆりね)
930,1915,むしやさい(よめな)
931,1917,むしやさい(よもぎ)
932,1919,むしやさい(らっかせい)
933,1921,むしやさい(らっきょう)
934,1923,むしやさい(えしゃれっと)
935,1925,むしやさい(りーき)
936,1927,むしやさい(るっこら)
937,1929,むしやさい(るばーぶ)
938,1931,むしやさい(れたす)
939,1933,むしやさい(りーふれたす)
940,1935,むしやさい(さにーれたす)
941,1937,むしやさい(さんちぇ)
942,1939,むしきのこ(えのきたけ)
943,1941,むしきのこ(きくらげ)
944,1943,むしきのこ(しろきくらげ)
945,1945,むしきのこ(くろあわびたけ)
946,1947,むしきのこ(しいたけ)
947,1949,むしきのこ(かんそうしいたけ)
948,1951,むしきのこ(はたけしめじ)
949,1953,むしきのこ(ぶなしめじ)
950,1955,むしきのこ(ほんしめじ)
951,1957,むしきのこ(たもぎたけ)
952,1959,むしきのこ(なめこ)
953,1961,むしきのこ(うすひらたけ)
954,1963,むしきのこ(えりんぎ)
955,1965,むしきのこ(ひらたけ)
956,1967,むしきのこ(まいたけ)
957,1969,むしきのこ(まっしゅるーむ)
958,1971,むしきのこ(まつたけ)
959,1973,むしきのこ(やなぎまつたけ)
960,1975,あーてぃちょーくのてんぷら
961,1977,あさつきのてんぷら
962,1979,あしたばのてんぷら
963,1981,あすぱらがすのてんぷら
964,1983,いんげんのてんぷら
965,1985,うどのてんぷら
966,1987,やまうどのてんぷら
967,1989,えだまめのてんぷら
968,1991,えんだいぶのてんぷら
969,1993,さやえんどうのてんぷら
970,1995,すなっぷえんどうのてんぷら
971,1997,ぐりーんぴーすのてんぷら
972,1999,おおさかしろなのてんぷら
973,2001,おかひじきのてんぷら
974,2003,おくらのてんぷら
975,2005,かぶのてんぷら
976,2007,かぼちゃのてんぷら
977,2009,かりふらわーのてんぷら
978,2011,きゃべつのてんぷら
979,2013,ぎょうじゃにんにくのてんぷら
980,2015,くれそんのてんぷら
981,2017,くわいのてんぷら
982,2019,けーるのてんぷら
983,2021,こーるらびのてんぷら
984,2023,ごぼうのてんぷら
985,2025,こまつなのてんぷら
986,2027,ししとうのてんぷら
987,2029,しそのてんぷら
988,2031,しゅんぎくのてんぷら
989,2033,しょうがのてんぷら
990,2035,しろうりのてんぷら
991,2037,ずっきーにのてんぷら
992,2039,せりのてんぷら
993,2041,せろりのてんぷら
994,2043,ぜんまいのてんぷら
995,2045,そらまめのてんぷら
996,2047,たあさいのてんぷら
997,2049,かいわれだいこんのてんぷら
998,2051,だいこんのてんぷら
999,2053,たけのこのてんぷら
1000,2055,たまねぎのてんぷら
1001,2057,ちんげんさいのてんぷら
1002,2059,つくしのてんぷら
1003,2061,とうがんのてんぷら
1004,2063,とうもろこしのてんぷら
1005,2065,やんぐこーんのてんぷら
1006,2067,とまとのてんぷら
1007,2069,みにとまとのてんぷら
1008,2071,とれびすのてんぷら
1009,2073,なすのてんぷら
1010,2075,なずなのてんぷら
1011,2077,ごーやのてんぷら
1012,2079,にがうりのてんぷら
1013,2081,にらのてんぷら
1014,2083,にんじんのてんぷら
1015,2085,みにきゃろっとのてんぷら
1016,2087,にんにくのてんぷら
1017,2089,にんにくのめのてんぷら
1018,2091,ねぎのてんぷら
1019,2093,はねぎのてんぷら
1020,2095,こねぎのてんぷら
1021,2097,のざわなのてんぷら
1022,2099,のびるのてんぷら
1023,2101,はくさいのてんぷら
1024,2103,ばじるのてんぷら
1025,2105,ぱせりのてんぷら
1026,2107,はつかだいこんのてんぷら
1027,2109,はやとうりのてんぷら
1028,2111,びーつのてんぷら
1029,2113,ぴーまんのてんぷら
1030,2115,ひろしまなのてんぷら
1031,2117,ふきのてんぷら
1032,2119,ふきのとうのてんぷら
1033,2121,ぶろっこりーのてんぷら
1034,2123,へちまのてんぷら
1035,2125,ほうれんそうのてんぷら
1036,2127,みずなのてんぷら
1037,2129,みょうがのてんぷら
1038,2131,むかごのてんぷら
1039,2133,めきゃべつのてんぷら
1040,2135,あるふぁるふぁのてんぷら
1041,2137,だいずもやしのてんぷら
1042,2139,りょくとうもやしのてんぷら
1043,2141,もろへいやのてんぷら
1044,2143,ゆりねのてんぷら
1045,2145,よめなのてんぷら
1046,2147,よもぎのてんぷら
1047,2149,らっかせいのてんぷら
1048,2151,らっきょうのてんぷら
1049,2153,えしゃれっとのてんぷら
1050,2155,りーきのてんぷら
1051,2157,るっこらのてんぷら
1052,2159,るばーぶのてんぷら
1053,2161,れたすのてんぷら
1054,2163,りーふれたすのてんぷら
1055,2165,さにーれたすのてんぷら
1056,2167,さんちぇのてんぷら
1057,2169,えのきたけのてんぷら
1058,2171,きくらげのてんぷら
1059,2173,しろきくらげのてんぷら
1060,2175,くろあわびたけのてんぷら
1061,2177,しいたけのてんぷら
1062,2179,かんそうしいたけのてんぷら
1063,2181,はたけしめじのてんぷら
1064,2183,ぶなしめじのてんぷら
1065,2185,ほんしめじのてんぷら
1066,2187,たもぎたけのてんぷら
1067,2189,なめこのてんぷら
1068,2191,うすひらたけのてんぷら
1069,2193,えりんぎのてんぷら
1070,2195,ひらたけのてんぷら
1071,2197,まいたけのてんぷら
1072,2199,まっしゅるーむのてんぷら
1073,2201,まつたけのてんぷら
1074,2203,やなぎまつたけのてんぷら
1075,2205,むしやさい(たまねぎ)
1076,2211,ぜんまい
1077,2213,そらまめゆで
1078,2215,とうにゅう
1079,2217,みずあめ
1080,2219,てらなっとう
1081,2221,えだまめゆで
1082,2223,ずいきゆで
1083,2225,げんまいがゆ
1084,2229,あまぐり
1085,2231,もちごめ
1086,2233,あいなめさしみ
1087,2235,あくえりあす
1088,2237,あなごむし
1089,2239,あみしおから
1090,2241,あわびしおから
1091,2243,あわびさしみ
1092,2245,あんきも
1093,2247,あんずかんづめ
1094,2249,あんぱん
1095,2251,いさきさしみ
1096,2253,いちごこつぶ
1097,2255,いちごおおつぶ
1098,2257,いちごちゅう
1099,2259,いちじくどらいふるーつ
1100,2261,いちじくかんづめ
1101,2263,いぼだいさしみ
1102,2264,いよかん
1103,2266,うえはーす
1104,2268,えのきだけゆで
1105,2270,えんだいぶ
1106,2272,えんどうしおまめ
1107,2274,おくらゆで
1108,2276,おのろけまめ
1109,2278,おりーぶあぶら
1110,2280,おもち
1111,2282,おもち
1112,2284,かじかみずに
1113,2286,かぶはのしおづけ
1114,2288,かぼすかじゅう
1115,2290,かますやき
1116,2292,からしなはなま
1117,2294,からしなしおづけ
1118,2295,からすみ　　　
1119,2296,からすみ
1120,2298,かりふらわーなま
1121,2300,あいなめのてんぷら
1122,2302,あこうだいのてんぷら
1123,2304,あじのてんぷら
1124,2306,あなごのてんぷら
1125,2308,あまだいのてんぷら
1126,2310,あんこうのてんぷら
1127,2312,あんきものてんぷら
1128,2314,いかなごのてんぷら
1129,2316,いさきのてんぷら
1130,2318,いしだいのてんぷら
1131,2320,いとよりだいのてんぷら
1132,2322,いぼだいのてんぷら
1133,2324,いわしのてんぷら
1134,2326,しらすのてんぷら
1135,2328,うまづらはぎのてんぷら
1136,2330,おひょうのてんぷら
1137,2332,かさごのてんぷら
1138,2334,くろかじきのてんぷら
1139,2336,まかじきのてんぷら
1140,2338,めかじきのてんぷら
1141,2344,かますのてんぷら
1142,2346,かれいのてんぷら
1143,2348,まこがれいのてんぷら
1144,2350,かわはぎのてんぷら
1145,2352,かんぱちのてんぷら
1146,2354,きすのてんぷら
1147,2356,きびなごのてんぷら
1148,2358,ぎんだらのてんぷら
1149,2360,きんめだいのてんぷら
1150,2362,ぐちのてんぷら
1151,2364,こいのてんぷら
1152,2366,こちのてんぷら
1153,2368,めごちのてんぷら
1154,2370,このしろのてんぷら
1155,2372,からふとますのてんぷら
1156,2374,ぎんざけのてんぷら
1157,2376,さくらますのてんぷら
1158,2378,しろさけのてんぷら
1159,2380,いくらのてんぷら
1160,2382,すじこのてんぷら
1161,2384,あとらんてぃっくさーもんのてんぷら
1162,2386,にじますのてんぷら
1163,2388,べにさけのてんぷら
1164,2390,さばのてんぷら
1165,2392,さよりのてんぷら
1166,2394,さわらのてんぷら
1167,2396,さんまのてんぷら
1168,2398,しらびらめのてんぷら
1169,2400,しまあじのてんぷら
1170,2402,しらうおのてんぷら
1171,2404,すずきのてんぷら
1172,2406,きだいのてんぷら
1173,2408,くろだいのてんぷら
1174,2410,ちだいのてんぷら
1175,2412,まだいのてんぷら
1176,2414,たかさごのてんぷら
1177,2416,たかべのてんぷら
1178,2418,たちうおのてんぷら
1179,2420,すけとうだらのてんぷら
1180,2422,たらのてんぷら
1181,2424,ちかのてんぷら
1182,2426,どじょうのてんぷら
1183,2428,とびうおのてんぷら
1184,2430,てぃらぴあのてんぷら
1185,2432,なまずのてんぷら
1186,2434,にしんのてんぷら
1187,2436,かずのこのてんぷら
1188,2438,はぜのてんぷら
1189,2440,はたはたのてんぷら
1190,2442,はものてんぷら
1191,2444,ひらめのてんぷら
1192,2446,ふぐのてんぷら
1193,2448,ふなのてんぷら
1194,2450,ぶりのてんぷら
1195,2452,ほうぼうのてんぷら
1196,2454,ほきのてんぷら
1197,2456,ほっけのてんぷら
1198,2458,ぼらのてんぷら
1199,2460,きはだのてんぷら
1200,2462,むつのてんぷら
1201,2464,めじなのてんぷら
1202,2466,めばるのてんぷら
1203,2468,やまめのてんぷら
1204,2470,わかさぎのてんぷら
1205,2472,かきのてんぷら
1206,2474,さざえのてんぷら
1207,2476,つぶがいのてんぷら
1208,2478,とこぶしのてんぷら
1209,2480,とりがいのてんぷら
1210,2482,ばいがいのてんぷら
1211,2484,ばかがいのてんぷら
1212,2486,はまぐりのてんぷら
1213,2488,ほたてがいのてんぷら
1214,2490,ほっきがいのてんぷら
1215,2492,みるがいのてんぷら
1216,2494,あまえびのてんぷら
1217,2496,いせえびのてんぷら
1218,2498,くるまえびのてんぷら
1219,2500,さくらえびのてんぷら
1220,2502,たいしょうえびのてんぷら
1221,2504,しばえびのてんぷら
1222,2506,ぱなめいえびのてんぷら
1223,2508,ぶらっくたいがーのてんぷら
1224,2510,けがにのてんぷら
1225,2512,ずわいがにのてんぷら
1226,2514,たらばがにのてんぷら
1227,2516,あかいかのてんぷら
1228,2518,けんさきいかのてんぷら
1229,2520,こういかのてんぷら
1230,2522,するめいかのてんぷら
1231,2524,げそのてんぷら
1232,2526,ほたるいかのてんぷら
1233,2528,やりいかのてんぷら
1234,2530,いいたこのてんぷら
1235,2532,たこのてんぷら
1236,2534,しゃこのてんぷら
1237,2536,なまこのてんぷら
1238,2538,かにかまのてんぷら
1239,2540,こんぶまきかまぼこのてんぷら
1240,2542,かまぼこのてんぷら
1241,2544,ちくわのてんぷら
1242,2546,だてまきのてんぷら
1243,2548,つみれのてんぷら
1244,2550,はんぺんのてんぷら
1245,2552,さつまあげのてんぷら
1246,2554,ぎょにくはむのてんぷら
1247,2556,ぎょにくそーせーじのてんぷら
1248,2560,かろりーめーと
1249,2562,ぎゅうにくのてんぷら
1250,2564,ぶたにくのてんぷら
1251,2566,ぼーんれすはむのてんぷら
1252,2574,らむのてんぷら
1253,2576,まとんのてんぷら
1254,2578,とりにくのてんぷら
1255,2580,てばさきのてんぷら
1256,2582,たまごのてんぷら
1257,2584,ういんなーのてんぷら
1258,2640,ざるそば
1259,2642,つめたいそば
1260,2644,つめたいてんぶらそば
1261,2646,つめたいおろしそば
1262,2648,つめたいかきあげそば
1263,2704,たこらいす
1264,2706,ちゃーはん
1265,2708,ふらぺちーのとーるさいず
1266,2710,ちんじゃおろーす
1267,2712,べーぐる
1268,2714,ごはん
1269,2716,ごぼうゆで
1270,2718,こまつなゆで
1271,2720,ざーさいつけもの
1272,2722,ふくじんづけ
1273,2724,つまみな
1274,2726,たいさい
1275,2728,たけのこゆで
1276,2730,たらのめゆで
1277,2732,とうがんゆで
1278,2734,みにとまと
1279,2736,なすこうじづけ
1280,2738,なすからしづけ
1281,2740,なすしばづけ
1282,2742,のざわなしおづけ
1283,2744,はくさいゆで
1284,2746,はくさいつけもの
1285,2748,きむち
1286,2750,はつかだいこん
1287,2752,ひのなあまず
1288,2753,ふき(ゆで)　　
1289,2754,ふきゆで
1290,2755,ふだんそう(ゆで)　　
1291,2756,ふだんそう
1292,2758,ぶろっこりーなま
1293,2760,きりみつば
1294,2762,めきゃべつなま
1295,2764,もろへいやゆで
1296,2766,りーきゆで
1297,2768,るばーぶゆで
1298,2770,さらだな
1299,2772,さんちゅ
1300,2774,れんこんゆで
1301,2776,うめちょうみづけ
1302,2778,うめぼしちょうみづけ
1303,2780,しらぬい
1304,2782,すだちかじゅう
1305,2783,せとか
1306,2785,はっさく
1307,2787,ぶんたん
1308,2789,ぽんかん
1309,2791,ゆずかじゅう
1310,2793,らいむかじゅう
1311,2795,れもんかじゅう
1312,2797,なたでここ
1313,2799,すいかきいろ
1314,2801,すたーふるーつ
1315,2803,どらごんふるーつ
1316,2805,ぱいなっぷる
1317,2807,どらいばなな
1318,2809,おんしつめろん
1319,2811,りんごかわなし
1320,2813,りんごかわあり
1321,2815,なめこかんづめ
1322,2817,まいたけゆで
1323,2819,あじつけのり
1324,2821,まだいみずに
1325,2823,まだいやき
1326,2825,いしだいさしみ
1327,2827,かわはぎさしみ
1328,2829,かんぱちさしみ
1329,2831,きすてんぷら
1330,2833,こいみずに
1331,2835,まさばさしみ
1332,2837,しおおにぎり
1333,2839,さばぶし
1334,2841,しおさば
1335,2843,さわらやき
1336,2845,くろだいさしみ
1337,2847,かずのこ
1338,2849,はぜつくだに
1339,2851,はぜかんろに
1340,2853,ひらまささしみ
1341,2855,ひらめさしみ
1342,2857,ふなかんろに
1343,2859,しおほっけ
1344,2861,きはださしみ
1345,2863,あかがいさしみ
1346,2865,かきみずに
1347,2867,さざえやき
1348,2869,しじみみずに
1349,2871,ほたてがいさしみ
1350,2873,ほっきがいさしみ
1351,2875,けがに
1352,2876,ゆでだこ
1353,2878,ねりうに
1354,2880,ほやしおから
1355,2882,やきちくわ
1356,2884,だてまき
1357,2885,なると　　　　
1358,2886,なると
1359,2887,はんぺん　　　　
1360,2888,はんぺん
1361,2890,くじらさしみ
1362,2892,とんそく
1363,2894,なまはむ
1364,2896,べーこん
1365,2898,やきぶた
1366,2900,はちのこ
1367,2902,ぽーちどえっぐ
1368,2904,あつやきたまご
1369,2906,いまがわやき
1370,2908,ういろう
1371,2910,かしわもち
1372,2912,かのこ
1373,2914,かるかん
1374,2916,ぎゅうひ
1375,2918,きんつば
1376,2920,くさもち
1377,2922,げっぺい
1378,2924,ごへいもち
1379,2926,ささだんご
1380,2928,ちゃつう
1381,2930,どらやき
1382,2931,ねりきり
1383,2933,もなか
1384,2935,ゆべし
1385,2937,いもかりんとう
1386,2939,ひなあられ
1387,2941,かれーぱん
1388,2943,くりーむぱん
1389,2945,じゃむぱん
1390,2947,ちょこころね
1391,2949,めろんぱん
1392,2951,ぎゅうにゅうかんてん
1393,2953,ばばろあ
1394,2955,りーふぱい
1395,2957,きゃらめる
1396,2959,ぶるっとる
1397,2961,ましゅまろ
1398,2963,らむねきゃんでぃー
1399,2965,とういいがむ
1400,2967,ふうせんがむ
1401,2969,じん
1402,2971,らむ
1403,2973,ぱいちゅう
1404,2975,ぎょくろ
1405,2977,ばんちゃ
1406,2979,あおじる　　けーる
1407,2981,ぽかり
1408,2983,ふぁんた
1409,2985,こーら
1410,2987,すぷらいと
1411,2989,さいだー
1412,2991,いびぐらたん
1413,2993,めんちかつ
1414,2994,ゆでたまご
1415,2996,むぎちゃ
1416,2998,なし
1417,3000,せきはん
1418,3002,めだまやき
1419,3004,ざっこくまい
1420,3006,ちゅうかすーぷ
1421,3008,ちゃんぽん
1422,3010,さけのちたたぷ
1423,3012,かいせんどん
1424,3014,でこぽん
1425,3016,りこったぱんけーきとなまくりーむ
1426,3018,びーふかれーらいす
1427,3020,てりやきちきん
1428,3026,ふぁいばーぷらす
1429,3028,くっきー
1430,3030,ぐらのーら
1431,3032,のにぴゅーれたいぷ
1432,3035,ごこくまい
1433,3037,ぷろていんぷらす
1434,3039,ちきんかれーるーのみ
1435,3041,こんとれっくす
1436,3043,かるしうむぷらすさぷりめんと
1437,3045,ちきんなんばん
1438,3047,あすぱらべーこん
1439,3049,どらいかれー
1440,3051,ぐみきゃんでぃー
1441,3055,さんさいそば
1442,3057,たきこみごはん
1443,3059,こうそげんまい
1444,3061,なべやきうどん
1445,3065,とうふはんばーぐ
1446,3067,ぶたにくのしょうがやき
1447,3069,すけとうだらのあまずあんかけ
1448,3071,すくらんぶるえっぐ
1449,3073,やきいも
1450,3075,のにこらーげん
1451,3077,なべやきうどん
1452,3079,てんどん
1453,3081,ぎゅうどん
1454,3083,おやこどん
1455,3085,かつどん
1456,3087,ぶたどん
1457,3089,ぎゅうゆっけどん
1458,3091,びびんば
1459,3093,ぎゅうそぼろどん
1460,3095,ぷるこぎどんぶり
1461,3097,ねぎとろどん
1462,3099,たにんどん
1463,3101,あなごどん
1464,3103,うなどん
1465,3105,ふかがわどん
1466,3107,たまごととりのそぼろどん
1467,3109,とりそぼろどん
1468,3111,なっとうあぼかどどん
1469,3113,しらすどん
1470,3115,かいせんどん
1471,3117,いくらどん
1472,3119,まぐろどん
1473,3121,うにどん
1474,3123,さけいくらどん
1475,3125,まぐろゆっけどん
1476,3127,てっかどん
1477,3129,うにいくらどん
1478,3131,ぎゅうにくのたたき
1479,3133,りぞっと
1480,3135,まいわしみりんぼし
1481,3137,ぱくちーさらだ
1482,3139,はんばーがー
1483,3141,ちーずばーがー
1484,3143,かふぇらて
1485,3145,なぽりたん
1486,3147,ごーやちゃんぷるー
1487,3149,たまごやき
1488,3151,ほっとどっぐ
1489,3153,なっとうまき
1490,3155,ざばすみるくぷろていん
1491,3157,やさいすーぷ
1492,3159,あたりめ
1493,3161,たまごさんど
1494,3163,おむらいす
1495,3165,にくずし
1496,3169,おぞうに
1497,3171,みにはんばーぐ
1498,3173,やきにく
1499,3175,かきぴー
1500,3177,きゃべつさらだ
1501,3179,どーなつ
1502,3181,めいぷるどーなつ
1503,3183,きのこさらだ
1504,3185,しゅーまい
1505,3189,おちゃづけ
1506,3191,すなぎもいため
1507,3193,しょうろんぽう
1508,3197,やさいいため
1509,3199,かしぱん
1510,3200,そーめん
1511,3202,すむーじー
1512,3204,ばななすむーじー
1513,3206,かるぼなーら
1514,3208,にくじゃが
1515,3210,ひやしちゅうか
1516,3212,なすのごまあえ
1517,3214,おはぎ
1518,3216,ぼたもち
1519,3218,すいぎょうざ
1520,3220,しりあるとぎゅうにゅう
1521,3222,しりある
1522,3224,ちゃーしゅー
1523,3226,さしみもりあわせ
1524,3228,ぷちとまと
1525,3230,とっぴんぐねぎ
1526,3232,からあげ
1527,3234,もずくす
1528,3236,おにおんりんぐ
1529,3238,あじのなんばんづけ
1530,3240,ぽてとさらだ
1531,3242,はやしらいす
1532,3244,わかめごはん
1533,3246,やきおにぎり
1534,3248,ぱいなっぷる
1535,3250,こーんちゃ
1536,3252,みるくてぃー
1537,3254,れーずんぱん
1538,3256,わかめとしらすのすのもの
1539,3258,あおなのおひたし
1540,3259,ぜんざい
1541,3261,とりはむ
1542,3263,にくどうふ
1543,3265,もやしのなむる
1544,3267,まかろにさらだ
1545,3269,こんにゃくでんがく
1546,3271,だいこんもち
1547,3272,いももち
1548,3273,にんじんのきんぴら
1549,3275,ぴざとーすと
1550,3277,かふぇおれ
1551,3279,むしたまねぎ
1552,3281,かんこくれいめん
1553,3283,しゅうまい
1554,3285,ちぢみ
1555,3287,やきそば
1556,3289,じごくらーめん
1557,3291,からいらーめん
1558,3293,ざんてい
1559,3295,こーるすろーさらだ
1560,3297,ぼんごれびあんこ
1561,3299,くらむちゃうだー
1562,3301,かぼちゃのにもの
1563,3303,ちゃわんむし
1564,3305,やきびーふん
1565,3307,おんせんたまご
1566,3309,きゃろっとらぺ
1567,3311,ぶたのかくに
1568,3313,すこーん
1569,3315,ぺぺろんちーの
1570,3317,てまなしぇいぷまーべらすまんごー
1571,3319,えんはんすと　さいぼーぐっど
1572,3321,えんはんすと　おとぐっど
1573,3322,ごはん
1574,3324,ちゃぷちぇ
1575,3325,ふかしいも
1576,3327,けーるさらだ
1577,3329,たまごすーぷ
1578,3331,あくあぱっつぁ